fecha_extraccion,retailer,categoria,producto,precio_lista_crc,precio_oferta_crc,descuento_pct,presentacion_ml,url_fuente,tipo_extraccion,precio_final_crc,producto_normalizado,retailer_normalizado,precio_equivalente_750ml_crc,segmento_precio
2026-05-31,Walmart Costa Rica,Vino tinto,Vino Clos De Pirque Cabernet Sauvignon - 1000ml,2620.0,,0,1000.0,https://www.walmart.co.cr/cervezas-vinos-y-licores/vinos/vino-tinto,web_scraping_live,2620.0,vino clos de pirque cabernet sauvignon - 1000ml,walmart costa rica,1965.0,económico
2026-05-31,Walmart Costa Rica,Vino tinto,Vino tinto Dadá finca las moras - 750 ml,6692.0,,0,750.0,https://www.walmart.co.cr/cervezas-vinos-y-licores/vinos/vino-tinto,web_scraping_live,6692.0,vino tinto dadá finca las moras - 750 ml,walmart costa rica,6692.0,medio
2026-05-31,Walmart Costa Rica,Vino tinto,Vino tinto Don Simón Tempranillo -750 ml,1980.0,,0,750.0,https://www.walmart.co.cr/cervezas-vinos-y-licores/vinos/vino-tinto,web_scraping_live,1980.0,vino tinto don simón tempranillo -750 ml,walmart costa rica,1980.0,económico
2026-05-31,Walmart Costa Rica,Vino tinto,Vino Viña Maipo Clasic Series Merlot - 750 ml,3140.0,,0,750.0,https://www.walmart.co.cr/cervezas-vinos-y-licores/vinos/vino-tinto,web_scraping_live,3140.0,vino viña maipo clasic series merlot - 750 ml,walmart costa rica,3140.0,económico
2026-05-31,Walmart Costa Rica,Vino tinto,Navarro Colección Privada Vero Faraone Malbec - 750ml,11630.0,,0,750.0,https://www.walmart.co.cr/cervezas-vinos-y-licores/vinos/vino-tinto,web_scraping_live,11630.0,navarro colección privada vero faraone malbec - 750ml,walmart costa rica,11630.0,premium
2026-05-31,Walmart Costa Rica,Vino tinto,Vino Clos De Pirque Tinto Merlot - 1000ml,2950.0,,0,1000.0,https://www.walmart.co.cr/cervezas-vinos-y-licores/vinos/vino-tinto,web_scraping_live,2950.0,vino clos de pirque tinto merlot - 1000ml,walmart costa rica,2212.5,económico
2026-05-31,Walmart Costa Rica,Vino tinto,Vino Frontera Merlot -1500 ml,7500.0,,0,1500.0,https://www.walmart.co.cr/cervezas-vinos-y-licores/vinos/vino-tinto,web_scraping_live,7500.0,vino frontera merlot -1500 ml,walmart costa rica,3750.0,económico
2026-05-31,Walmart Costa Rica,Vino tinto,Vino tinto Contenda merlot - 750 ml,3190.0,,0,750.0,https://www.walmart.co.cr/cervezas-vinos-y-licores/vinos/vino-tinto,web_scraping_live,3190.0,vino tinto contenda merlot - 750 ml,walmart costa rica,3190.0,económico
2026-05-31,Walmart Costa Rica,Vino tinto,Vino Tinto Ramon Bilbao Rioja Crianza -750ml,8224.0,,0,750.0,https://www.walmart.co.cr/cervezas-vinos-y-licores/vinos/vino-tinto,web_scraping_live,8224.0,vino tinto ramon bilbao rioja crianza -750ml,walmart costa rica,8224.0,medio
2026-05-31,Walmart Costa Rica,Vino tinto,Vino Santa Cecilia Tinto Cabernet Sauvignon -750 ml,3500.0,,0,750.0,https://www.walmart.co.cr/cervezas-vinos-y-licores/vinos/vino-tinto,web_scraping_live,3500.0,vino santa cecilia tinto cabernet sauvignon -750 ml,walmart costa rica,3500.0,económico
2026-05-31,Walmart Costa Rica,Vino tinto,Vino Santa Carolina Merlot Botella - 750ml,5685.0,,0,750.0,https://www.walmart.co.cr/cervezas-vinos-y-licores/vinos/vino-tinto,web_scraping_live,5685.0,vino santa carolina merlot botella - 750ml,walmart costa rica,5685.0,medio
2026-05-31,Walmart Costa Rica,Vino tinto,Vino Clos Dp Cabernet Tinto Sauvignon - 2000Ml,4460.0,,0,750.0,https://www.walmart.co.cr/cervezas-vinos-y-licores/vinos/vino-tinto,web_scraping_live,4460.0,vino clos dp cabernet tinto sauvignon - 2000ml,walmart costa rica,4460.0,económico
2026-05-31,Walmart Costa Rica,Vino tinto,2 Pack Sangria Peñasol Tinta -1000ml,4650.0,,0,1000.0,https://www.walmart.co.cr/cervezas-vinos-y-licores/vinos/vino-tinto,web_scraping_live,4650.0,2 pack sangria peñasol tinta -1000ml,walmart costa rica,3487.5,económico
2026-05-31,Walmart Costa Rica,Vino tinto,Vino Frontera Concha y Toro Merlot - 750ml,5940.0,,0,750.0,https://www.walmart.co.cr/cervezas-vinos-y-licores/vinos/vino-tinto,web_scraping_live,5940.0,vino frontera concha y toro merlot - 750ml,walmart costa rica,5940.0,medio
2026-05-31,Walmart Costa Rica,Vino tinto,Vino Chateau Tour France Botella - 750ml,11770.0,,0,750.0,https://www.walmart.co.cr/cervezas-vinos-y-licores/vinos/vino-tinto,web_scraping_live,11770.0,vino chateau tour france botella - 750ml,walmart costa rica,11770.0,premium
2026-05-31,Walmart Costa Rica,Vino tinto,Vino Viña Maipo classic series cabernet sauvignon -750 ml,3140.0,,0,750.0,https://www.walmart.co.cr/cervezas-vinos-y-licores/vinos/vino-tinto,web_scraping_live,3140.0,vino viña maipo classic series cabernet sauvignon -750 ml,walmart costa rica,3140.0,económico
2026-05-31,Walmart Costa Rica,Vino tinto,Vino Frontera Frutal Tinto De Verano Manzana Naranja - 750 ml,4040.0,,0,750.0,https://www.walmart.co.cr/cervezas-vinos-y-licores/vinos/vino-tinto,web_scraping_live,4040.0,vino frontera frutal tinto de verano manzana naranja - 750 ml,walmart costa rica,4040.0,económico
2026-05-31,Walmart Costa Rica,Vino tinto,Vino Clos De Pirque Carmenere - 1000ml,2620.0,,0,1000.0,https://www.walmart.co.cr/cervezas-vinos-y-licores/vinos/vino-tinto,web_scraping_live,2620.0,vino clos de pirque carmenere - 1000ml,walmart costa rica,1965.0,económico
2026-05-31,Walmart Costa Rica,Vino tinto,Vino tinto 19 Crimes cali red - 750 ml,13170.0,,0,750.0,https://www.walmart.co.cr/cervezas-vinos-y-licores/vinos/vino-tinto,web_scraping_live,13170.0,vino tinto 19 crimes cali red - 750 ml,walmart costa rica,13170.0,premium
2026-05-31,Walmart Costa Rica,Vino tinto,Vino Casillero Del Diablo Merlot - 750Ml,8120.0,,0,750.0,https://www.walmart.co.cr/cervezas-vinos-y-licores/vinos/vino-tinto,web_scraping_live,8120.0,vino casillero del diablo merlot - 750ml,walmart costa rica,8120.0,medio
2026-05-31,Walmart Costa Rica,Vino tinto,Vino tinto Frontera carmenere viñedo protegido por la naturaleza - 750 ml,5800.0,,0,750.0,https://www.walmart.co.cr/cervezas-vinos-y-licores/vinos/vino-tinto,web_scraping_live,5800.0,vino tinto frontera carmenere viñedo protegido por la naturaleza - 750 ml,walmart costa rica,5800.0,medio
2026-05-31,Walmart Costa Rica,Vino tinto,Vino Clos De Pirque Cabernet Sauvignon - 1000ml Vendido por Walmart,9560.0,,0,1000.0,https://www.walmart.co.cr/cervezas-vinos-y-licores/vinos/vino-tinto,web_scraping_live,9560.0,vino clos de pirque cabernet sauvignon - 1000ml vendido por walmart,walmart costa rica,7170.0,medio
2026-05-31,Walmart Costa Rica,Vino tinto,Vino tinto Dadá finca las moras - 750 ml Vendido por Walmart,1980.0,,0,750.0,https://www.walmart.co.cr/cervezas-vinos-y-licores/vinos/vino-tinto,web_scraping_live,1980.0,vino tinto dadá finca las moras - 750 ml vendido por walmart,walmart costa rica,1980.0,económico
2026-05-31,Walmart Costa Rica,Vino tinto,Vino tinto Don Simón Tempranillo -750 ml Vendido por Walmart,3980.0,,0,750.0,https://www.walmart.co.cr/cervezas-vinos-y-licores/vinos/vino-tinto,web_scraping_live,3980.0,vino tinto don simón tempranillo -750 ml vendido por walmart,walmart costa rica,3980.0,económico
2026-05-31,Walmart Costa Rica,Vino tinto,Vino Viña Maipo Clasic Series Merlot - 750 ml Vendido por Walmart,11630.0,,0,750.0,https://www.walmart.co.cr/cervezas-vinos-y-licores/vinos/vino-tinto,web_scraping_live,11630.0,vino viña maipo clasic series merlot - 750 ml vendido por walmart,walmart costa rica,11630.0,premium
2026-05-31,Walmart Costa Rica,Vino tinto,Vino Clos De Pirque Tinto Merlot - 1000ml Vendido por Walmart,7500.0,,0,1000.0,https://www.walmart.co.cr/cervezas-vinos-y-licores/vinos/vino-tinto,web_scraping_live,7500.0,vino clos de pirque tinto merlot - 1000ml vendido por walmart,walmart costa rica,5625.0,medio
2026-05-31,Walmart Costa Rica,Vino tinto,Vino Frontera Merlot -1500 ml Vendido por Walmart,3190.0,,0,1500.0,https://www.walmart.co.cr/cervezas-vinos-y-licores/vinos/vino-tinto,web_scraping_live,3190.0,vino frontera merlot -1500 ml vendido por walmart,walmart costa rica,1595.0,económico
2026-05-31,Walmart Costa Rica,Vino tinto,Vino tinto Contenda merlot - 750 ml Vendido por Walmart,10280.0,,0,750.0,https://www.walmart.co.cr/cervezas-vinos-y-licores/vinos/vino-tinto,web_scraping_live,10280.0,vino tinto contenda merlot - 750 ml vendido por walmart,walmart costa rica,10280.0,premium
2026-05-31,Walmart Costa Rica,Vino tinto,Vino Tinto Ramon Bilbao Rioja Crianza -750ml Vendido por Walmart,3870.0,,0,750.0,https://www.walmart.co.cr/cervezas-vinos-y-licores/vinos/vino-tinto,web_scraping_live,3870.0,vino tinto ramon bilbao rioja crianza -750ml vendido por walmart,walmart costa rica,3870.0,económico
2026-05-31,Walmart Costa Rica,Vinos general,Vino Bco Sta Julia Dulc Chenin 750mlx6,7720.0,,0,750.0,https://www.walmart.co.cr/cervezas-vinos-y-licores/vinos?page=6,web_scraping_live,7720.0,vino bco sta julia dulc chenin 750mlx6,walmart costa rica,7720.0,medio
2026-05-31,Walmart Costa Rica,Vinos general,Vino Soupcon de fruit rose d&apos;anjou 2020 - 750 ml,8020.0,,0,750.0,https://www.walmart.co.cr/cervezas-vinos-y-licores/vinos?page=6,web_scraping_live,8020.0,vino soupcon de fruit rose d&apos;anjou 2020 - 750 ml,walmart costa rica,8020.0,medio
2026-05-31,Walmart Costa Rica,Vinos general,Vino Casillero del Diablo Reserva Española Sauvignon Blanc - 750 ml,8800.0,,0,750.0,https://www.walmart.co.cr/cervezas-vinos-y-licores/vinos?page=6,web_scraping_live,8800.0,vino casillero del diablo reserva española sauvignon blanc - 750 ml,walmart costa rica,8800.0,medio
2026-05-31,Walmart Costa Rica,Vinos general,Vino Viña Maipo Varietal Merlot 1.5L,6310.0,,0,1500.0,https://www.walmart.co.cr/cervezas-vinos-y-licores/vinos?page=6,web_scraping_live,6310.0,vino viña maipo varietal merlot 1.5l,walmart costa rica,3155.0,económico
2026-05-31,Walmart Costa Rica,Vinos general,Vino tinto Estancia Mendoza malbec varietales jóvenes - 750 ml,6350.0,,0,750.0,https://www.walmart.co.cr/cervezas-vinos-y-licores/vinos?page=6,web_scraping_live,6350.0,vino tinto estancia mendoza malbec varietales jóvenes - 750 ml,walmart costa rica,6350.0,medio
2026-05-31,Walmart Costa Rica,Vinos general,Vino Tinto Toro Bravo Tempranillo Merlot -750 ml,4650.0,,0,750.0,https://www.walmart.co.cr/cervezas-vinos-y-licores/vinos?page=6,web_scraping_live,4650.0,vino tinto toro bravo tempranillo merlot -750 ml,walmart costa rica,4650.0,económico
2026-05-31,Walmart Costa Rica,Vinos general,Vino Condado de Haza Ribera tinto - 750 ml,11468.0,,0,750.0,https://www.walmart.co.cr/cervezas-vinos-y-licores/vinos?page=6,web_scraping_live,11468.0,vino condado de haza ribera tinto - 750 ml,walmart costa rica,11468.0,premium
2026-05-31,Walmart Costa Rica,Vinos general,Licor de naranja Vincenzi Spritz - 700 ml,14400.0,,0,700.0,https://www.walmart.co.cr/cervezas-vinos-y-licores/vinos?page=6,web_scraping_live,14400.0,licor de naranja vincenzi spritz - 700 ml,walmart costa rica,15428.57,super premium
2026-05-31,Walmart Costa Rica,Vinos general,Vino Bread Y Butter Merlot 750 Ml,11088.0,,0,750.0,https://www.walmart.co.cr/cervezas-vinos-y-licores/vinos?page=6,web_scraping_live,11088.0,vino bread y butter merlot 750 ml,walmart costa rica,11088.0,premium
2026-05-31,Walmart Costa Rica,Vinos general,Vino Misiones Rengo Reserva Cabe 750 Ml,5928.0,,0,750.0,https://www.walmart.co.cr/cervezas-vinos-y-licores/vinos?page=6,web_scraping_live,5928.0,vino misiones rengo reserva cabe 750 ml,walmart costa rica,5928.0,medio
2026-05-31,Walmart Costa Rica,Vinos general,Vino Riccadonna Tinto Espumante 750Ml,7560.0,,0,750.0,https://www.walmart.co.cr/cervezas-vinos-y-licores/vinos?page=6,web_scraping_live,7560.0,vino riccadonna tinto espumante 750ml,walmart costa rica,7560.0,medio
2026-05-31,Walmart Costa Rica,Vinos general,Vino Bread Y Butter Cabernet 750 Ml,11934.0,,0,750.0,https://www.walmart.co.cr/cervezas-vinos-y-licores/vinos?page=6,web_scraping_live,11934.0,vino bread y butter cabernet 750 ml,walmart costa rica,11934.0,premium
2026-05-31,Walmart Costa Rica,Vinos general,Vino Maipo blanco Chardonnay -1.5 L,6360.0,,0,1500.0,https://www.walmart.co.cr/cervezas-vinos-y-licores/vinos?page=6,web_scraping_live,6360.0,vino maipo blanco chardonnay -1.5 l,walmart costa rica,3180.0,económico
2026-05-31,Walmart Costa Rica,Vinos general,Vino Woodbrige white zinafandel - 750 ml,6392.0,,0,750.0,https://www.walmart.co.cr/cervezas-vinos-y-licores/vinos?page=6,web_scraping_live,6392.0,vino woodbrige white zinafandel - 750 ml,walmart costa rica,6392.0,medio
2026-05-31,Walmart Costa Rica,Vinos general,Vino Blanco Tarapacá Pinot Grigio -750ml,4500.0,,0,750.0,https://www.walmart.co.cr/cervezas-vinos-y-licores/vinos?page=6,web_scraping_live,4500.0,vino blanco tarapacá pinot grigio -750ml,walmart costa rica,4500.0,económico
2026-05-31,Walmart Costa Rica,Vinos general,Vino San Telmo Cabernet Sauvignon - 750ml,6900.0,,0,750.0,https://www.walmart.co.cr/cervezas-vinos-y-licores/vinos?page=6,web_scraping_live,6900.0,vino san telmo cabernet sauvignon - 750ml,walmart costa rica,6900.0,medio
2026-05-31,Walmart Costa Rica,Vinos general,Vino Robert Mondavi Tinto woodbridge Zinfadel - 750ml,5400.0,,0,750.0,https://www.walmart.co.cr/cervezas-vinos-y-licores/vinos?page=6,web_scraping_live,5400.0,vino robert mondavi tinto woodbridge zinfadel - 750ml,walmart costa rica,5400.0,medio
2026-05-31,Walmart Costa Rica,Vinos general,Vino Santa Carolina Reservado Brut -750ml,5080.0,,0,750.0,https://www.walmart.co.cr/cervezas-vinos-y-licores/vinos?page=6,web_scraping_live,5080.0,vino santa carolina reservado brut -750ml,walmart costa rica,5080.0,medio
2026-05-31,Walmart Costa Rica,Vinos general,Vino Tinto Italiano Pasqua Zin Primitivo - 750 ml,14050.0,,0,750.0,https://www.walmart.co.cr/cervezas-vinos-y-licores/vinos?page=6,web_scraping_live,14050.0,vino tinto italiano pasqua zin primitivo - 750 ml,walmart costa rica,14050.0,premium
2026-05-31,Walmart Costa Rica,Vinos general,Vino San Telmo cabernet sauvignon - 750 ml,6100.0,,0,750.0,https://www.walmart.co.cr/cervezas-vinos-y-licores/vinos?page=6,web_scraping_live,6100.0,vino san telmo cabernet sauvignon - 750 ml,walmart costa rica,6100.0,medio
2026-05-31,Walmart Costa Rica,Vinos general,Beringer Cali Cab Zinfandel 2pk 1500 Ml,13500.0,,0,750.0,https://www.walmart.co.cr/cervezas-vinos-y-licores/vinos?page=6,web_scraping_live,13500.0,beringer cali cab zinfandel 2pk 1500 ml,walmart costa rica,13500.0,premium
2026-05-31,Walmart Costa Rica,Vinos general,Vino Bco Sta Julia Dulc Chenin 750mlx6 Vendido por Walmart,8020.0,,0,750.0,https://www.walmart.co.cr/cervezas-vinos-y-licores/vinos?page=6,web_scraping_live,8020.0,vino bco sta julia dulc chenin 750mlx6 vendido por walmart,walmart costa rica,8020.0,medio
2026-05-31,Walmart Costa Rica,Vinos general,Vino Rose D' Anjou Soupcon De Fruit -750ml Vendido por Walmart,8800.0,,0,750.0,https://www.walmart.co.cr/cervezas-vinos-y-licores/vinos?page=6,web_scraping_live,8800.0,vino rose d' anjou soupcon de fruit -750ml vendido por walmart,walmart costa rica,8800.0,medio
2026-05-31,Walmart Costa Rica,Vinos general,Vino Casillero del Diablo Reserva Española Sauvignon Blanc - 750 ml Vendido por Walmart,6310.0,,0,750.0,https://www.walmart.co.cr/cervezas-vinos-y-licores/vinos?page=6,web_scraping_live,6310.0,vino casillero del diablo reserva española sauvignon blanc - 750 ml vendido por walmart,walmart costa rica,6310.0,medio
2026-05-31,Walmart Costa Rica,Vinos general,Vino Viña Maipo Varietal Merlot 1.5L Vendido por Walmart,6350.0,,0,1500.0,https://www.walmart.co.cr/cervezas-vinos-y-licores/vinos?page=6,web_scraping_live,6350.0,vino viña maipo varietal merlot 1.5l vendido por walmart,walmart costa rica,3175.0,económico
2026-05-31,Walmart Costa Rica,Vinos general,Vino Estancia Mendoza Malbec 750 Ml Vendido por Walmart,9300.0,,0,750.0,https://www.walmart.co.cr/cervezas-vinos-y-licores/vinos?page=6,web_scraping_live,9300.0,vino estancia mendoza malbec 750 ml vendido por walmart,walmart costa rica,9300.0,medio
2026-05-31,Walmart Costa Rica,Vinos general,Vino Tinto Toro Bravo Tempranillo Merlot -750 ml Vendido por Walmart,15290.0,,0,750.0,https://www.walmart.co.cr/cervezas-vinos-y-licores/vinos?page=6,web_scraping_live,15290.0,vino tinto toro bravo tempranillo merlot -750 ml vendido por walmart,walmart costa rica,15290.0,super premium
2026-05-31,Walmart Costa Rica,Vinos general,Vino Condado de Haza Ribera tinto - 750 ml Vendido por Walmart,18000.0,,0,750.0,https://www.walmart.co.cr/cervezas-vinos-y-licores/vinos?page=6,web_scraping_live,18000.0,vino condado de haza ribera tinto - 750 ml vendido por walmart,walmart costa rica,18000.0,super premium
2026-05-31,Walmart Costa Rica,Vinos general,Vino Bread Y Butter Merlot 750 Ml Vendido por Walmart,7410.0,,0,750.0,https://www.walmart.co.cr/cervezas-vinos-y-licores/vinos?page=6,web_scraping_live,7410.0,vino bread y butter merlot 750 ml vendido por walmart,walmart costa rica,7410.0,medio
2026-05-31,Masxmenos Costa Rica,Vino blanco,Vino Clos De Pirque Blanco - 1000ml,3100.0,,0,1000.0,https://www.masxmenos.cr/cervezas-vinos-y-licores/vinos/vino-blanco,web_scraping_live,3100.0,vino clos de pirque blanco - 1000ml,masxmenos costa rica,2325.0,económico
2026-05-31,Masxmenos Costa Rica,Vino blanco,Vino blanco Fantini terre siciliante pinot grigio - 750 ml,6110.0,,0,750.0,https://www.masxmenos.cr/cervezas-vinos-y-licores/vinos/vino-blanco,web_scraping_live,6110.0,vino blanco fantini terre siciliante pinot grigio - 750 ml,masxmenos costa rica,6110.0,medio
2026-05-31,Masxmenos Costa Rica,Vino blanco,Vino Don Simón premium selección chardonnay - 1000 ml,2330.0,,0,1000.0,https://www.masxmenos.cr/cervezas-vinos-y-licores/vinos/vino-blanco,web_scraping_live,2330.0,vino don simón premium selección chardonnay - 1000 ml,masxmenos costa rica,1747.5,económico
2026-05-31,Masxmenos Costa Rica,Vino blanco,Vino Twin View Cabernet 750ml,5000.0,,0,750.0,https://www.masxmenos.cr/cervezas-vinos-y-licores/vinos/vino-blanco,web_scraping_live,5000.0,vino twin view cabernet 750ml,masxmenos costa rica,5000.0,económico
2026-05-31,Masxmenos Costa Rica,Vino blanco,Vino blanco Frontera chardonnay viñedo protegido por la naturaleza - 750 ml,6070.0,,0,750.0,https://www.masxmenos.cr/cervezas-vinos-y-licores/vinos/vino-blanco,web_scraping_live,6070.0,vino blanco frontera chardonnay viñedo protegido por la naturaleza - 750 ml,masxmenos costa rica,6070.0,medio
2026-05-31,Masxmenos Costa Rica,Vino blanco,Vino Peter Brum Liebfraulmil Blan - 750ml,5100.0,,0,750.0,https://www.masxmenos.cr/cervezas-vinos-y-licores/vinos/vino-blanco,web_scraping_live,5100.0,vino peter brum liebfraulmil blan - 750ml,masxmenos costa rica,5100.0,medio
2026-05-31,Masxmenos Costa Rica,Vino blanco,"Vino Ruffino, Blanco Orvieto -750ml",6520.0,,0,750.0,https://www.masxmenos.cr/cervezas-vinos-y-licores/vinos/vino-blanco,web_scraping_live,6520.0,"vino ruffino, blanco orvieto -750ml",masxmenos costa rica,6520.0,medio
2026-05-31,Masxmenos Costa Rica,Vino blanco,Vino Maipo blanco Chardonnay -1.5 L,6420.0,,0,1500.0,https://www.masxmenos.cr/cervezas-vinos-y-licores/vinos/vino-blanco,web_scraping_live,6420.0,vino maipo blanco chardonnay -1.5 l,masxmenos costa rica,3210.0,económico
2026-05-31,Masxmenos Costa Rica,Vino blanco,Vino Toro Bravo verdejo sauvignon blanco - 750 ml,4650.0,,0,750.0,https://www.masxmenos.cr/cervezas-vinos-y-licores/vinos/vino-blanco,web_scraping_live,4650.0,vino toro bravo verdejo sauvignon blanco - 750 ml,masxmenos costa rica,4650.0,económico
2026-05-31,Masxmenos Costa Rica,Vino blanco,Vino blanco Pata Negra rueda verdejo - 750 ml,5664.0,,0,750.0,https://www.masxmenos.cr/cervezas-vinos-y-licores/vinos/vino-blanco,web_scraping_live,5664.0,vino blanco pata negra rueda verdejo - 750 ml,masxmenos costa rica,5664.0,medio
2026-05-31,Masxmenos Costa Rica,Vino blanco,Vino Twin View Sau Blanc 750ml,5000.0,,0,750.0,https://www.masxmenos.cr/cervezas-vinos-y-licores/vinos/vino-blanco,web_scraping_live,5000.0,vino twin view sau blanc 750ml,masxmenos costa rica,5000.0,económico
2026-05-31,Masxmenos Costa Rica,Vino blanco,Vino blanco St Helena dulce – 750 ml,5220.0,,0,750.0,https://www.masxmenos.cr/cervezas-vinos-y-licores/vinos/vino-blanco,web_scraping_live,5220.0,vino blanco st helena dulce – 750 ml,masxmenos costa rica,5220.0,medio
2026-05-31,Masxmenos Costa Rica,Vino blanco,Vino blanco Protos verdejo criado sobre lias finas - 750 ml,6368.0,,0,750.0,https://www.masxmenos.cr/cervezas-vinos-y-licores/vinos/vino-blanco,web_scraping_live,6368.0,vino blanco protos verdejo criado sobre lias finas - 750 ml,masxmenos costa rica,6368.0,medio
2026-05-31,Masxmenos Costa Rica,Vino blanco,Vino Santa Carolina Chardonay Botella - 750 ml,3500.0,,0,750.0,https://www.masxmenos.cr/cervezas-vinos-y-licores/vinos/vino-blanco,web_scraping_live,3500.0,vino santa carolina chardonay botella - 750 ml,masxmenos costa rica,3500.0,económico
2026-05-31,Masxmenos Costa Rica,Vino blanco,Vino Casillero del Diablo Phenomenal Sauvignon - 750 ml,8660.0,,0,750.0,https://www.masxmenos.cr/cervezas-vinos-y-licores/vinos/vino-blanco,web_scraping_live,8660.0,vino casillero del diablo phenomenal sauvignon - 750 ml,masxmenos costa rica,8660.0,medio
2026-05-31,Masxmenos Costa Rica,Vino blanco,Vino blanco La Linda sweet viognier – 750 ml,8380.0,,0,750.0,https://www.masxmenos.cr/cervezas-vinos-y-licores/vinos/vino-blanco,web_scraping_live,8380.0,vino blanco la linda sweet viognier – 750 ml,masxmenos costa rica,8380.0,medio
2026-05-31,Masxmenos Costa Rica,Vino blanco,Vino blanco Frontera sauvignon blanc - 1500 ml,9120.0,,0,1500.0,https://www.masxmenos.cr/cervezas-vinos-y-licores/vinos/vino-blanco,web_scraping_live,9120.0,vino blanco frontera sauvignon blanc - 1500 ml,masxmenos costa rica,4560.0,económico
2026-05-31,Masxmenos Costa Rica,Vino blanco,Vino Blanco Pasqua Pinot Grigio -1500ml,10510.0,,0,1500.0,https://www.masxmenos.cr/cervezas-vinos-y-licores/vinos/vino-blanco,web_scraping_live,10510.0,vino blanco pasqua pinot grigio -1500ml,masxmenos costa rica,5255.0,medio
2026-05-31,Masxmenos Costa Rica,Vino blanco,Vino blanco Cavit pinot grigio valdadige - 750 ml,12280.0,,0,750.0,https://www.masxmenos.cr/cervezas-vinos-y-licores/vinos/vino-blanco,web_scraping_live,12280.0,vino blanco cavit pinot grigio valdadige - 750 ml,masxmenos costa rica,12280.0,premium
2026-05-31,Masxmenos Costa Rica,Vino blanco,Vino Blanco Santa Rita 120 Chardonnay -750ml,8550.0,,0,750.0,https://www.masxmenos.cr/cervezas-vinos-y-licores/vinos/vino-blanco,web_scraping_live,8550.0,vino blanco santa rita 120 chardonnay -750ml,masxmenos costa rica,8550.0,medio
2026-05-31,Masxmenos Costa Rica,Vino blanco,Vino Tinto Santa Rita 3Medallas Cabernet Sauvignon - 750ml,4734.0,,0,750.0,https://www.masxmenos.cr/cervezas-vinos-y-licores/vinos/vino-blanco,web_scraping_live,4734.0,vino tinto santa rita 3medallas cabernet sauvignon - 750ml,masxmenos costa rica,4734.0,económico
2026-05-31,Masxmenos Costa Rica,Vino blanco,Vino Clos De Pirque Blanco - 1000ml,6110.0,,0,1000.0,https://www.masxmenos.cr/cervezas-vinos-y-licores/vinos/vino-blanco,web_scraping_live,6110.0,vino clos de pirque blanco - 1000ml,masxmenos costa rica,4582.5,económico
2026-05-31,Masxmenos Costa Rica,Vino blanco,Vino Fantini Pinot Grigio - 750ml,2330.0,,0,750.0,https://www.masxmenos.cr/cervezas-vinos-y-licores/vinos/vino-blanco,web_scraping_live,2330.0,vino fantini pinot grigio - 750ml,masxmenos costa rica,2330.0,económico
2026-05-31,Masxmenos Costa Rica,Vino blanco,Vino Don Simon Premium Chardonnay - 1000ml,5000.0,,0,1000.0,https://www.masxmenos.cr/cervezas-vinos-y-licores/vinos/vino-blanco,web_scraping_live,5000.0,vino don simon premium chardonnay - 1000ml,masxmenos costa rica,3750.0,económico
2026-05-31,Masxmenos Costa Rica,Vino blanco,Vino Twin View Cabernet 750ml,6070.0,,0,750.0,https://www.masxmenos.cr/cervezas-vinos-y-licores/vinos/vino-blanco,web_scraping_live,6070.0,vino twin view cabernet 750ml,masxmenos costa rica,6070.0,medio
2026-05-31,Masxmenos Costa Rica,Vino blanco,Vino Frontera Chardonnay Blanco 750 Ml,7200.0,,0,750.0,https://www.masxmenos.cr/cervezas-vinos-y-licores/vinos/vino-blanco,web_scraping_live,7200.0,vino frontera chardonnay blanco 750 ml,masxmenos costa rica,7200.0,medio
2026-05-31,Masxmenos Costa Rica,Vino blanco,Vino Peter Brum Liebfraulmil Blan - 750ml,8150.0,,0,750.0,https://www.masxmenos.cr/cervezas-vinos-y-licores/vinos/vino-blanco,web_scraping_live,8150.0,vino peter brum liebfraulmil blan - 750ml,masxmenos costa rica,8150.0,medio
2026-05-31,Masxmenos Costa Rica,Vino blanco,"Vino Ruffino, Blanco Orvieto -750ml",7530.0,,0,750.0,https://www.masxmenos.cr/cervezas-vinos-y-licores/vinos/vino-blanco,web_scraping_live,7530.0,"vino ruffino, blanco orvieto -750ml",masxmenos costa rica,7530.0,medio
2026-05-31,Masxmenos Costa Rica,Vino blanco,Vino Maipo blanco Chardonnay -1.5 L,9300.0,,0,1500.0,https://www.masxmenos.cr/cervezas-vinos-y-licores/vinos/vino-blanco,web_scraping_live,9300.0,vino maipo blanco chardonnay -1.5 l,masxmenos costa rica,4650.0,económico
2026-05-31,Masxmenos Costa Rica,Vino blanco,Vino Blanco Toro Bravo Verde Sauvignon -750 ml,7080.0,,0,750.0,https://www.masxmenos.cr/cervezas-vinos-y-licores/vinos/vino-blanco,web_scraping_live,7080.0,vino blanco toro bravo verde sauvignon -750 ml,masxmenos costa rica,7080.0,medio
2026-05-31,Masxmenos Costa Rica,Vino rosado,Vino Soupcon de fruit rose d&apos;anjou 2020 - 750 ml,8020.0,,0,750.0,https://www.masxmenos.cr/cervezas-vinos-y-licores/vinos/vino-rosado,web_scraping_live,8020.0,vino soupcon de fruit rose d&apos;anjou 2020 - 750 ml,masxmenos costa rica,8020.0,medio
2026-05-31,Masxmenos Costa Rica,Vino rosado,Vino Mr Wild Org Rose 750 ml,11180.0,,0,750.0,https://www.masxmenos.cr/cervezas-vinos-y-licores/vinos/vino-rosado,web_scraping_live,11180.0,vino mr wild org rose 750 ml,masxmenos costa rica,11180.0,premium
2026-05-31,Masxmenos Costa Rica,Vino rosado,Vino Rosado Cune Bailarina 750mlx6,8670.0,,0,750.0,https://www.masxmenos.cr/cervezas-vinos-y-licores/vinos/vino-rosado,web_scraping_live,8670.0,vino rosado cune bailarina 750mlx6,masxmenos costa rica,8670.0,medio
2026-05-31,Masxmenos Costa Rica,Vino rosado,Vino Marques De Caceres Rosado Rioja - 750Ml,8810.0,,0,750.0,https://www.masxmenos.cr/cervezas-vinos-y-licores/vinos/vino-rosado,web_scraping_live,8810.0,vino marques de caceres rosado rioja - 750ml,masxmenos costa rica,8810.0,medio
2026-05-31,Masxmenos Costa Rica,Vino rosado,Vino rosado Frontera gently bubbly spritzer roses -750 ml,5770.0,,0,750.0,https://www.masxmenos.cr/cervezas-vinos-y-licores/vinos/vino-rosado,web_scraping_live,5770.0,vino rosado frontera gently bubbly spritzer roses -750 ml,masxmenos costa rica,5770.0,medio
2026-05-31,Masxmenos Costa Rica,Vino rosado,Vino Rosado Làudum Vino Laudum Chardonnay 750 ml,9200.0,,0,750.0,https://www.masxmenos.cr/cervezas-vinos-y-licores/vinos/vino-rosado,web_scraping_live,9200.0,vino rosado làudum vino laudum chardonnay 750 ml,masxmenos costa rica,9200.0,medio
2026-05-31,Masxmenos Costa Rica,Vino rosado,Vino orgánico Adobe rosé – 375 ml,4900.0,,0,375.0,https://www.masxmenos.cr/cervezas-vinos-y-licores/vinos/vino-rosado,web_scraping_live,4900.0,vino orgánico adobe rosé – 375 ml,masxmenos costa rica,9800.0,medio
2026-05-31,Masxmenos Costa Rica,Vino rosado,Vino rosado Canti prosecco - 750 ml,10470.0,,0,750.0,https://www.masxmenos.cr/cervezas-vinos-y-licores/vinos/vino-rosado,web_scraping_live,10470.0,vino rosado canti prosecco - 750 ml,masxmenos costa rica,10470.0,premium
2026-05-31,Masxmenos Costa Rica,Vino rosado,Vino Im Your Organic rosé - 750 ml,5310.0,,0,750.0,https://www.masxmenos.cr/cervezas-vinos-y-licores/vinos/vino-rosado,web_scraping_live,5310.0,vino im your organic rosé - 750 ml,masxmenos costa rica,5310.0,medio
2026-05-31,Masxmenos Costa Rica,Vino rosado,Vino Cavicchioli lambrusco rosato dulce - 750 ml,6140.0,,0,750.0,https://www.masxmenos.cr/cervezas-vinos-y-licores/vinos/vino-rosado,web_scraping_live,6140.0,vino cavicchioli lambrusco rosato dulce - 750 ml,masxmenos costa rica,6140.0,medio
2026-05-31,Masxmenos Costa Rica,Vino rosado,Vino Frontera rosado concha y toro Chile - 750 ml,5770.0,,0,750.0,https://www.masxmenos.cr/cervezas-vinos-y-licores/vinos/vino-rosado,web_scraping_live,5770.0,vino frontera rosado concha y toro chile - 750 ml,masxmenos costa rica,5770.0,medio
2026-05-31,Masxmenos Costa Rica,Vino rosado,Vino Adobe rosado botella - 750 ml,10760.0,,0,750.0,https://www.masxmenos.cr/cervezas-vinos-y-licores/vinos/vino-rosado,web_scraping_live,10760.0,vino adobe rosado botella - 750 ml,masxmenos costa rica,10760.0,premium
2026-05-31,Masxmenos Costa Rica,Vino rosado,Vino Rosado Làudum Vino Laudun g Reserva 750 ml,12700.0,,0,750.0,https://www.masxmenos.cr/cervezas-vinos-y-licores/vinos/vino-rosado,web_scraping_live,12700.0,vino rosado làudum vino laudun g reserva 750 ml,masxmenos costa rica,12700.0,premium
2026-05-31,Masxmenos Costa Rica,Vino rosado,Vino Rosado Làudum Vino Laudum Monastrell 750 ml,9200.0,,0,750.0,https://www.masxmenos.cr/cervezas-vinos-y-licores/vinos/vino-rosado,web_scraping_live,9200.0,vino rosado làudum vino laudum monastrell 750 ml,masxmenos costa rica,9200.0,medio
2026-05-31,Masxmenos Costa Rica,Vino rosado,Vino Rosado Làudum Vino Laudum Reserva 750 ml,11200.0,,0,750.0,https://www.masxmenos.cr/cervezas-vinos-y-licores/vinos/vino-rosado,web_scraping_live,11200.0,vino rosado làudum vino laudum reserva 750 ml,masxmenos costa rica,11200.0,premium
2026-05-31,Masxmenos Costa Rica,Vino rosado,Vino Mediteo Rosado - 750 ml,8000.0,,0,750.0,https://www.masxmenos.cr/cervezas-vinos-y-licores/vinos/vino-rosado,web_scraping_live,8000.0,vino mediteo rosado - 750 ml,masxmenos costa rica,8000.0,medio
2026-05-31,Masxmenos Costa Rica,Vino rosado,Vino Rosado Ijalba Rioja Eco Tempra -750ml,9790.0,,0,750.0,https://www.masxmenos.cr/cervezas-vinos-y-licores/vinos/vino-rosado,web_scraping_live,9790.0,vino rosado ijalba rioja eco tempra -750ml,masxmenos costa rica,9790.0,medio
2026-05-31,Masxmenos Costa Rica,Vino rosado,Vino Laudum Rosado 750 ml,9200.0,,0,750.0,https://www.masxmenos.cr/cervezas-vinos-y-licores/vinos/vino-rosado,web_scraping_live,9200.0,vino laudum rosado 750 ml,masxmenos costa rica,9200.0,medio
2026-05-31,Masxmenos Costa Rica,Vino rosado,Vino rosado Cono Sur bicicleta pinot noir - 750 ml,8250.0,,0,750.0,https://www.masxmenos.cr/cervezas-vinos-y-licores/vinos/vino-rosado,web_scraping_live,8250.0,vino rosado cono sur bicicleta pinot noir - 750 ml,masxmenos costa rica,8250.0,medio
2026-05-31,Masxmenos Costa Rica,Vino rosado,Vino Trivento Reserva Malbec Rosado - 750 ml,8730.0,,0,750.0,https://www.masxmenos.cr/cervezas-vinos-y-licores/vinos/vino-rosado,web_scraping_live,8730.0,vino trivento reserva malbec rosado - 750 ml,masxmenos costa rica,8730.0,medio
2026-05-31,Masxmenos Costa Rica,Vino rosado,Vino Blanco 14 Hands Chardonnay -750ml,12130.0,,0,750.0,https://www.masxmenos.cr/cervezas-vinos-y-licores/vinos/vino-rosado,web_scraping_live,12130.0,vino blanco 14 hands chardonnay -750ml,masxmenos costa rica,12130.0,premium
2026-05-31,Masxmenos Costa Rica,Vino rosado,Vino Rose D' Anjou Soupcon De Fruit -750ml,11180.0,,0,750.0,https://www.masxmenos.cr/cervezas-vinos-y-licores/vinos/vino-rosado,web_scraping_live,11180.0,vino rose d' anjou soupcon de fruit -750ml,masxmenos costa rica,11180.0,premium
2026-05-31,Masxmenos Costa Rica,Vino rosado,Vino Mr Wild Org Rose 750 Ml,8670.0,,0,750.0,https://www.masxmenos.cr/cervezas-vinos-y-licores/vinos/vino-rosado,web_scraping_live,8670.0,vino mr wild org rose 750 ml,masxmenos costa rica,8670.0,medio
2026-05-31,Masxmenos Costa Rica,Vino rosado,Vino Rosado Cune Bailarina 750mlx6,8810.0,,0,750.0,https://www.masxmenos.cr/cervezas-vinos-y-licores/vinos/vino-rosado,web_scraping_live,8810.0,vino rosado cune bailarina 750mlx6,masxmenos costa rica,8810.0,medio
2026-05-31,Masxmenos Costa Rica,Vino rosado,Vino Marques De Caceres Rosado Rioja - 750Ml,5770.0,,0,750.0,https://www.masxmenos.cr/cervezas-vinos-y-licores/vinos/vino-rosado,web_scraping_live,5770.0,vino marques de caceres rosado rioja - 750ml,masxmenos costa rica,5770.0,medio
2026-05-31,Masxmenos Costa Rica,Vino rosado,Vino Rosado Frontera Spritzer Rose -750ml,9200.0,,0,750.0,https://www.masxmenos.cr/cervezas-vinos-y-licores/vinos/vino-rosado,web_scraping_live,9200.0,vino rosado frontera spritzer rose -750ml,masxmenos costa rica,9200.0,medio
2026-05-31,Masxmenos Costa Rica,Vino rosado,Vino Laudum Chardonnay 750 Ml,4900.0,,0,750.0,https://www.masxmenos.cr/cervezas-vinos-y-licores/vinos/vino-rosado,web_scraping_live,4900.0,vino laudum chardonnay 750 ml,masxmenos costa rica,4900.0,económico
2026-05-31,Masxmenos Costa Rica,Vino rosado,Vino orgánico Adobe rosé – 375 ml,10470.0,,0,375.0,https://www.masxmenos.cr/cervezas-vinos-y-licores/vinos/vino-rosado,web_scraping_live,10470.0,vino orgánico adobe rosé – 375 ml,masxmenos costa rica,20940.0,super premium
2026-05-31,Masxmenos Costa Rica,Vino rosado,Vino Rosado Esp Ita 750ml,5310.0,,0,750.0,https://www.masxmenos.cr/cervezas-vinos-y-licores/vinos/vino-rosado,web_scraping_live,5310.0,vino rosado esp ita 750ml,masxmenos costa rica,5310.0,medio
2026-05-31,Masxmenos Costa Rica,Vino rosado,Vino Im Your Organic rosé - 750 ml,6140.0,,0,750.0,https://www.masxmenos.cr/cervezas-vinos-y-licores/vinos/vino-rosado,web_scraping_live,6140.0,vino im your organic rosé - 750 ml,masxmenos costa rica,6140.0,medio
2026-05-31,Masxmenos Costa Rica,Frontera,Vino Frontera Merlot -1500 ml,7500.0,,0,1500.0,https://www.masxmenos.cr/frontera,web_scraping_live,7500.0,vino frontera merlot -1500 ml,masxmenos costa rica,3750.0,económico
2026-05-31,Masxmenos Costa Rica,Frontera,Vino Frontera Concha y Toro Merlot - 750ml,5930.0,,0,750.0,https://www.masxmenos.cr/frontera,web_scraping_live,5930.0,vino frontera concha y toro merlot - 750ml,masxmenos costa rica,5930.0,medio
2026-05-31,Masxmenos Costa Rica,Frontera,Vino Frontera tinto concha y toro cabernet - 1500 ml,9380.0,,0,1500.0,https://www.masxmenos.cr/frontera,web_scraping_live,9380.0,vino frontera tinto concha y toro cabernet - 1500 ml,masxmenos costa rica,4690.0,económico
2026-05-31,Masxmenos Costa Rica,Frontera,Vino tinto Frontera carmenere viñedo protegido por la naturaleza - 750 ml,5930.0,,0,750.0,https://www.masxmenos.cr/frontera,web_scraping_live,5930.0,vino tinto frontera carmenere viñedo protegido por la naturaleza - 750 ml,masxmenos costa rica,5930.0,medio
2026-05-31,Masxmenos Costa Rica,Frontera,Vino Frontera Chardonnay - 1500Ml,8940.0,,0,750.0,https://www.masxmenos.cr/frontera,web_scraping_live,8940.0,vino frontera chardonnay - 1500ml,masxmenos costa rica,8940.0,medio
2026-05-31,Masxmenos Costa Rica,Frontera,Frontera Cabernet Sauvignon 750Ml,5930.0,,0,750.0,https://www.masxmenos.cr/frontera,web_scraping_live,5930.0,frontera cabernet sauvignon 750ml,masxmenos costa rica,5930.0,medio
2026-05-31,Masxmenos Costa Rica,Frontera,Vino Frontera Midnight Moscato - 750 ml,6550.0,,0,750.0,https://www.masxmenos.cr/frontera,web_scraping_live,6550.0,vino frontera midnight moscato - 750 ml,masxmenos costa rica,6550.0,medio
2026-05-31,Masxmenos Costa Rica,Frontera,Vino Frontera blanco sauvignon concha y toro - 750 ml,6070.0,,0,750.0,https://www.masxmenos.cr/frontera,web_scraping_live,6070.0,vino frontera blanco sauvignon concha y toro - 750 ml,masxmenos costa rica,6070.0,medio
2026-05-31,Masxmenos Costa Rica,Frontera,Vino blanco Frontera spritzer chardonnay eldelflower - 750 ml,5910.0,,0,750.0,https://www.masxmenos.cr/frontera,web_scraping_live,5910.0,vino blanco frontera spritzer chardonnay eldelflower - 750 ml,masxmenos costa rica,5910.0,medio
2026-05-31,Masxmenos Costa Rica,Frontera,Vino Frontera Frutal Tropical Mango Maracuyá - 750 ml,4060.0,,0,750.0,https://www.masxmenos.cr/frontera,web_scraping_live,4060.0,vino frontera frutal tropical mango maracuyá - 750 ml,masxmenos costa rica,4060.0,económico
2026-05-31,Masxmenos Costa Rica,Frontera,Vino Frontera Frutal Tinto De Verano Manzana Naranja - 750 ml,4060.0,,0,750.0,https://www.masxmenos.cr/frontera,web_scraping_live,4060.0,vino frontera frutal tinto de verano manzana naranja - 750 ml,masxmenos costa rica,4060.0,económico
2026-05-31,Masxmenos Costa Rica,Frontera,Frontera Moonlight Moscato 750Ml,6560.0,,0,750.0,https://www.masxmenos.cr/frontera,web_scraping_live,6560.0,frontera moonlight moscato 750ml,masxmenos costa rica,6560.0,medio
2026-05-31,Masxmenos Costa Rica,Frontera,"Vinos Sub-Categoría Vino Tinto Vino Blanco Vino Rosado Departamento Cervezas, Vinos y Licores Rebaja Exclusiva en línea Rangos de precio",4040.0,,0,750.0,https://www.masxmenos.cr/frontera,web_scraping_live,4040.0,"vinos sub-categoría vino tinto vino blanco vino rosado departamento cervezas, vinos y licores rebaja exclusiva en línea rangos de precio",masxmenos costa rica,4040.0,económico
2026-05-31,Masxmenos Costa Rica,Frontera,Vino Frontera Merlot -1500 ml,6070.0,,0,1500.0,https://www.masxmenos.cr/frontera,web_scraping_live,6070.0,vino frontera merlot -1500 ml,masxmenos costa rica,3035.0,económico
2026-05-31,Masxmenos Costa Rica,Frontera,Vino Frontera Chardonnay Blanco 750 Ml,5930.0,,0,750.0,https://www.masxmenos.cr/frontera,web_scraping_live,5930.0,vino frontera chardonnay blanco 750 ml,masxmenos costa rica,5930.0,medio
2026-05-31,Masxmenos Costa Rica,Frontera,Vino Frontera Concha y Toro Merlot - 750ml,9120.0,,0,750.0,https://www.masxmenos.cr/frontera,web_scraping_live,9120.0,vino frontera concha y toro merlot - 750ml,masxmenos costa rica,9120.0,medio
2026-05-31,Masxmenos Costa Rica,Frontera,Vino blanco Frontera sauvignon blanc - 1500 ml,9380.0,,0,1500.0,https://www.masxmenos.cr/frontera,web_scraping_live,9380.0,vino blanco frontera sauvignon blanc - 1500 ml,masxmenos costa rica,4690.0,económico
2026-05-31,Masxmenos Costa Rica,Frontera,Vino Frontera tinto concha y toro cabernet - 1500 ml,5930.0,,0,1500.0,https://www.masxmenos.cr/frontera,web_scraping_live,5930.0,vino frontera tinto concha y toro cabernet - 1500 ml,masxmenos costa rica,2965.0,económico
2026-05-31,Masxmenos Costa Rica,Frontera,Vino Frontera Chardonnay - 1500Ml,5930.0,,0,750.0,https://www.masxmenos.cr/frontera,web_scraping_live,5930.0,vino frontera chardonnay - 1500ml,masxmenos costa rica,5930.0,medio
2026-05-31,Masxmenos Costa Rica,Frontera,Vino Frontera Merlot Rose -750ml,6550.0,,0,750.0,https://www.masxmenos.cr/frontera,web_scraping_live,6550.0,vino frontera merlot rose -750ml,masxmenos costa rica,6550.0,medio
2026-05-31,PriceSmart Costa Rica,Vino tinto,Muga Vino Tinto Español El Anden de la Estación 750 mL,15495.0,,0,750.0,https://www.pricesmart.com/es-cr/categoria/Licor-cerveza-y-vino-G10D08014/Vino-tinto-G10D08014011/G10D08014011?page=1,web_scraping_live,15495.0,muga vino tinto español el anden de la estación 750 ml,pricesmart costa rica,15495.0,super premium
2026-05-31,PriceSmart Costa Rica,Vino tinto,Ramon Bilbao Vino Tinto Crianza 750 mL,11295.0,,0,750.0,https://www.pricesmart.com/es-cr/categoria/Licor-cerveza-y-vino-G10D08014/Vino-tinto-G10D08014011/G10D08014011?page=1,web_scraping_live,11295.0,ramon bilbao vino tinto crianza 750 ml,pricesmart costa rica,11295.0,premium
2026-05-31,PriceSmart Costa Rica,Vino tinto,Clos de Pirque Vino Tinto Cabernet Sauvignon 3 Unidades / 1 L,7495.0,,0,3000.0,https://www.pricesmart.com/es-cr/categoria/Licor-cerveza-y-vino-G10D08014/Vino-tinto-G10D08014011/G10D08014011?page=1,web_scraping_live,7495.0,clos de pirque vino tinto cabernet sauvignon 3 unidades / 1 l,pricesmart costa rica,1873.75,económico
2026-05-31,PriceSmart Costa Rica,Vino tinto,Marques Caceres Crianza Vino Tinto 750 mL / 25.4 oz,10995.0,,0,750.0,https://www.pricesmart.com/es-cr/categoria/Licor-cerveza-y-vino-G10D08014/Vino-tinto-G10D08014011/G10D08014011?page=1,web_scraping_live,10995.0,marques caceres crianza vino tinto 750 ml / 25.4 oz,pricesmart costa rica,10995.0,premium
2026-05-31,PriceSmart Costa Rica,Vino tinto,Real Compañia Vino Tinto Tempranillo Botella de 750 mL / 25.4 oz,4995.0,,0,750.0,https://www.pricesmart.com/es-cr/categoria/Licor-cerveza-y-vino-G10D08014/Vino-tinto-G10D08014011/G10D08014011?page=1,web_scraping_live,4995.0,real compañia vino tinto tempranillo botella de 750 ml / 25.4 oz,pricesmart costa rica,4995.0,económico
2026-05-31,PriceSmart Costa Rica,Vino tinto,Rioja Próximo Tempranillo Vino Tinto 750 mL / 25.4 oz,5795.0,,0,750.0,https://www.pricesmart.com/es-cr/categoria/Licor-cerveza-y-vino-G10D08014/Vino-tinto-G10D08014011/G10D08014011?page=1,web_scraping_live,5795.0,rioja próximo tempranillo vino tinto 750 ml / 25.4 oz,pricesmart costa rica,5795.0,medio
2026-05-31,PriceSmart Costa Rica,Vino tinto,Loma Negra Vino Tinto Merlot 750 ml / 25.4 oz,2495.0,,0,750.0,https://www.pricesmart.com/es-cr/categoria/Licor-cerveza-y-vino-G10D08014/Vino-tinto-G10D08014011/G10D08014011?page=1,web_scraping_live,2495.0,loma negra vino tinto merlot 750 ml / 25.4 oz,pricesmart costa rica,2495.0,económico
2026-05-31,PriceSmart Costa Rica,Vino tinto,Legado Muñoz Vino Tinto Tempranillo 750 mL / 25.4 oz,4795.0,,0,750.0,https://www.pricesmart.com/es-cr/categoria/Licor-cerveza-y-vino-G10D08014/Vino-tinto-G10D08014011/G10D08014011?page=1,web_scraping_live,4795.0,legado muñoz vino tinto tempranillo 750 ml / 25.4 oz,pricesmart costa rica,4795.0,económico
2026-05-31,PriceSmart Costa Rica,Vino tinto,Manischewitz Concord Grape Vino Tinto 750 mL / 25.36 oz,5495.0,,0,750.0,https://www.pricesmart.com/es-cr/categoria/Licor-cerveza-y-vino-G10D08014/Vino-tinto-G10D08014011/G10D08014011?page=1,web_scraping_live,5495.0,manischewitz concord grape vino tinto 750 ml / 25.36 oz,pricesmart costa rica,5495.0,medio
2026-05-31,PriceSmart Costa Rica,Vino tinto,Finca Las Moras Botella de Vino Tinto Malbec Suave al Paladar 750 mL / 25.4 oz,5295.0,,0,750.0,https://www.pricesmart.com/es-cr/categoria/Licor-cerveza-y-vino-G10D08014/Vino-tinto-G10D08014011/G10D08014011?page=1,web_scraping_live,5295.0,finca las moras botella de vino tinto malbec suave al paladar 750 ml / 25.4 oz,pricesmart costa rica,5295.0,medio
2026-05-31,PriceSmart Costa Rica,Vino tinto,Mantrús Crianza Vino Tinto 750 mL / 25.36 oz,4495.0,,0,750.0,https://www.pricesmart.com/es-cr/categoria/Licor-cerveza-y-vino-G10D08014/Vino-tinto-G10D08014011/G10D08014011?page=2,web_scraping_live,4495.0,mantrús crianza vino tinto 750 ml / 25.36 oz,pricesmart costa rica,4495.0,económico
2026-05-31,PriceSmart Costa Rica,Vino tinto,Apothic Vino Tinto 750 mL / 25.4 oz,9495.0,,0,750.0,https://www.pricesmart.com/es-cr/categoria/Licor-cerveza-y-vino-G10D08014/Vino-tinto-G10D08014011/G10D08014011?page=2,web_scraping_live,9495.0,apothic vino tinto 750 ml / 25.4 oz,pricesmart costa rica,9495.0,medio
2026-05-31,PriceSmart Costa Rica,Vino tinto,Marqués de Riscal Vino Tinto Rioja Reserva 750 mL,15995.0,,0,750.0,https://www.pricesmart.com/es-cr/categoria/Licor-cerveza-y-vino-G10D08014/Vino-tinto-G10D08014011/G10D08014011?page=2,web_scraping_live,15995.0,marqués de riscal vino tinto rioja reserva 750 ml,pricesmart costa rica,15995.0,super premium
2026-05-31,PriceSmart Costa Rica,Vino tinto,Frontera Merlot Vino Tinto Chileno Botella de 1.5 L / 51 oz,7795.0,,0,1500.0,https://www.pricesmart.com/es-cr/categoria/Licor-cerveza-y-vino-G10D08014/Vino-tinto-G10D08014011/G10D08014011?page=2,web_scraping_live,7795.0,frontera merlot vino tinto chileno botella de 1.5 l / 51 oz,pricesmart costa rica,3897.5,económico
2026-05-31,PriceSmart Costa Rica,Vino tinto,Montepulciano Vino Tinto de Frutos Rojos 1.5 L / 51 oz,8795.0,,0,1500.0,https://www.pricesmart.com/es-cr/categoria/Licor-cerveza-y-vino-G10D08014/Vino-tinto-G10D08014011/G10D08014011?page=2,web_scraping_live,8795.0,montepulciano vino tinto de frutos rojos 1.5 l / 51 oz,pricesmart costa rica,4397.5,económico
2026-05-31,PriceSmart Costa Rica,Vino tinto,Carlo Rossi Vino Tinto Cuerpo Medio 3 L / 101.4 oz,13795.0,,0,3000.0,https://www.pricesmart.com/es-cr/categoria/Licor-cerveza-y-vino-G10D08014/Vino-tinto-G10D08014011/G10D08014011?page=2,web_scraping_live,13795.0,carlo rossi vino tinto cuerpo medio 3 l / 101.4 oz,pricesmart costa rica,3448.75,económico
2026-05-31,PriceSmart Costa Rica,Vino tinto,Cune Vino Tinto Crianza Rioja 750 mL / 25.36 oz,8795.0,,0,750.0,https://www.pricesmart.com/es-cr/categoria/Licor-cerveza-y-vino-G10D08014/Vino-tinto-G10D08014011/G10D08014011?page=2,web_scraping_live,8795.0,cune vino tinto crianza rioja 750 ml / 25.36 oz,pricesmart costa rica,8795.0,medio
2026-05-31,PriceSmart Costa Rica,Vino tinto,Pasqua Zin Primitivo Vino Tinto 750 mL,11995.0,,0,750.0,https://www.pricesmart.com/es-cr/categoria/Licor-cerveza-y-vino-G10D08014/Vino-tinto-G10D08014011/G10D08014011?page=2,web_scraping_live,11995.0,pasqua zin primitivo vino tinto 750 ml,pricesmart costa rica,11995.0,premium
2026-05-31,PriceSmart Costa Rica,Vino tinto,Portia Roble Tempranillo Vino Tinto 750 mL,10995.0,,0,750.0,https://www.pricesmart.com/es-cr/categoria/Licor-cerveza-y-vino-G10D08014/Vino-tinto-G10D08014011/G10D08014011?page=2,web_scraping_live,10995.0,portia roble tempranillo vino tinto 750 ml,pricesmart costa rica,10995.0,premium
2026-05-31,PriceSmart Costa Rica,Vino tinto,Alamos Vino Tinto Malbec 750 mL,7495.0,,0,750.0,https://www.pricesmart.com/es-cr/categoria/Licor-cerveza-y-vino-G10D08014/Vino-tinto-G10D08014011/G10D08014011?page=2,web_scraping_live,7495.0,alamos vino tinto malbec 750 ml,pricesmart costa rica,7495.0,medio
2026-05-31,PriceSmart Costa Rica,Vino tinto,Trapiche Reserva Vino Tinto Malbec 2 Unidades / 750 mL / 25.36 oz + Kit Parrillero,11795.0,,0,1500.0,https://www.pricesmart.com/es-cr/categoria/Licor-cerveza-y-vino-G10D08014/Vino-tinto-G10D08014011/G10D08014011?page=3,web_scraping_live,11795.0,trapiche reserva vino tinto malbec 2 unidades / 750 ml / 25.36 oz + kit parrillero,pricesmart costa rica,5897.5,medio
2026-05-31,PriceSmart Costa Rica,Vino tinto,El Coto Crianza Rioja Vino Tinto Tempranillo 750 mL,9795.0,,0,750.0,https://www.pricesmart.com/es-cr/categoria/Licor-cerveza-y-vino-G10D08014/Vino-tinto-G10D08014011/G10D08014011?page=3,web_scraping_live,9795.0,el coto crianza rioja vino tinto tempranillo 750 ml,pricesmart costa rica,9795.0,medio
2026-05-31,PriceSmart Costa Rica,Vino tinto,Mantrús Reserva Vino Tinto Ribera del Duero 750 mL / 25.36 oz,5295.0,,0,750.0,https://www.pricesmart.com/es-cr/categoria/Licor-cerveza-y-vino-G10D08014/Vino-tinto-G10D08014011/G10D08014011?page=3,web_scraping_live,5295.0,mantrús reserva vino tinto ribera del duero 750 ml / 25.36 oz,pricesmart costa rica,5295.0,medio
2026-05-31,PriceSmart Costa Rica,Vino tinto,Campo Viejo Vino Tinto Reserva 750 mL,14995.0,,0,750.0,https://www.pricesmart.com/es-cr/categoria/Licor-cerveza-y-vino-G10D08014/Vino-tinto-G10D08014011/G10D08014011?page=3,web_scraping_live,14995.0,campo viejo vino tinto reserva 750 ml,pricesmart costa rica,14995.0,premium
2026-05-31,PriceSmart Costa Rica,Vino tinto,Catena Vista Flores Vino Tinto Malbec 750 mL,12995.0,,0,750.0,https://www.pricesmart.com/es-cr/categoria/Licor-cerveza-y-vino-G10D08014/Vino-tinto-G10D08014011/G10D08014011?page=3,web_scraping_live,12995.0,catena vista flores vino tinto malbec 750 ml,pricesmart costa rica,12995.0,premium
2026-05-31,PriceSmart Costa Rica,Vino tinto,Ruffino Vino Tinto Chianti Classico 750 mL / 25.36 oz,8495.0,,0,750.0,https://www.pricesmart.com/es-cr/categoria/Licor-cerveza-y-vino-G10D08014/Vino-tinto-G10D08014011/G10D08014011?page=3,web_scraping_live,8495.0,ruffino vino tinto chianti classico 750 ml / 25.36 oz,pricesmart costa rica,8495.0,medio
2026-05-31,PriceSmart Costa Rica,Vino tinto,Caliterra Reserva Vino Tinto Cabernet Sauvignon 750 mL,6395.0,,0,750.0,https://www.pricesmart.com/es-cr/categoria/Licor-cerveza-y-vino-G10D08014/Vino-tinto-G10D08014011/G10D08014011?page=3,web_scraping_live,6395.0,caliterra reserva vino tinto cabernet sauvignon 750 ml,pricesmart costa rica,6395.0,medio
2026-05-31,PriceSmart Costa Rica,Vino tinto,Santa Rita 120 Reserva Especial Vino Tinto 4 Unidades / 187.5 mL / 6.3 oz,7495.0,,0,750.0,https://www.pricesmart.com/es-cr/categoria/Licor-cerveza-y-vino-G10D08014/Vino-tinto-G10D08014011/G10D08014011?page=3,web_scraping_live,7495.0,santa rita 120 reserva especial vino tinto 4 unidades / 187.5 ml / 6.3 oz,pricesmart costa rica,7495.0,medio
2026-05-31,PriceSmart Costa Rica,Vino tinto,Cantina Fiorentino Primitivo Salento Vino Tinto 750 mL,9795.0,,0,750.0,https://www.pricesmart.com/es-cr/categoria/Licor-cerveza-y-vino-G10D08014/Vino-tinto-G10D08014011/G10D08014011?page=3,web_scraping_live,9795.0,cantina fiorentino primitivo salento vino tinto 750 ml,pricesmart costa rica,9795.0,medio
2026-05-31,PriceSmart Costa Rica,Vino tinto,Twin View Estates Cabernet Sauvignon Vino Tinto 1.5 L,6795.0,,0,1500.0,https://www.pricesmart.com/es-cr/categoria/Licor-cerveza-y-vino-G10D08014/Vino-tinto-G10D08014011/G10D08014011?page=3,web_scraping_live,6795.0,twin view estates cabernet sauvignon vino tinto 1.5 l,pricesmart costa rica,3397.5,económico
2026-05-31,PriceSmart Costa Rica,Vino tinto,Kaiken Estate Vino Tinto Cabernet Sauvignon 750 mL / 25.36 oz,9470.0,,0,750.0,https://www.pricesmart.com/es-cr/categoria/Licor-cerveza-y-vino-G10D08014/Vino-tinto-G10D08014011/G10D08014011?page=3,web_scraping_live,9470.0,kaiken estate vino tinto cabernet sauvignon 750 ml / 25.36 oz,pricesmart costa rica,9470.0,medio
2026-05-31,PriceSmart Costa Rica,Vino tinto,Pulenta Estate Malbec Vino Tinto 750 mL,20995.0,,0,750.0,https://www.pricesmart.com/es-cr/categoria/Licor-cerveza-y-vino-G10D08014/Vino-tinto-G10D08014011/G10D08014011?page=4,web_scraping_live,20995.0,pulenta estate malbec vino tinto 750 ml,pricesmart costa rica,20995.0,super premium
2026-05-31,PriceSmart Costa Rica,Vino tinto,BIN 27 Vino Tinto Reserve Port Fonseca 750 mL / 25.36 oz,14995.0,,0,750.0,https://www.pricesmart.com/es-cr/categoria/Licor-cerveza-y-vino-G10D08014/Vino-tinto-G10D08014011/G10D08014011?page=4,web_scraping_live,14995.0,bin 27 vino tinto reserve port fonseca 750 ml / 25.36 oz,pricesmart costa rica,14995.0,premium
2026-05-31,PriceSmart Costa Rica,Vino tinto,Hacienda López de Haro Vino Crianza 750 mL,8795.0,,0,750.0,https://www.pricesmart.com/es-cr/categoria/Licor-cerveza-y-vino-G10D08014/Vino-tinto-G10D08014011/G10D08014011?page=4,web_scraping_live,8795.0,hacienda lópez de haro vino crianza 750 ml,pricesmart costa rica,8795.0,medio
2026-05-31,PriceSmart Costa Rica,Vino tinto,M. Chapoutier Vino Tinto Côtes du Rhône 750 mL / 25.36 oz,10495.0,,0,750.0,https://www.pricesmart.com/es-cr/categoria/Licor-cerveza-y-vino-G10D08014/Vino-tinto-G10D08014011/G10D08014011?page=4,web_scraping_live,10495.0,m. chapoutier vino tinto côtes du rhône 750 ml / 25.36 oz,pricesmart costa rica,10495.0,premium
2026-05-31,PriceSmart Costa Rica,Vino tinto,Misiones de Rengo Vino Tinto Cabernet Sauvignon 750 mL / 25.36 oz,6295.0,,0,750.0,https://www.pricesmart.com/es-cr/categoria/Licor-cerveza-y-vino-G10D08014/Vino-tinto-G10D08014011/G10D08014011?page=4,web_scraping_live,6295.0,misiones de rengo vino tinto cabernet sauvignon 750 ml / 25.36 oz,pricesmart costa rica,6295.0,medio
2026-05-31,PriceSmart Costa Rica,Vino tinto,Felino Vino Tinto Malbec 750 mL,11495.0,,0,750.0,https://www.pricesmart.com/es-cr/categoria/Licor-cerveza-y-vino-G10D08014/Vino-tinto-G10D08014011/G10D08014011?page=4,web_scraping_live,11495.0,felino vino tinto malbec 750 ml,pricesmart costa rica,11495.0,premium
2026-05-31,PriceSmart Costa Rica,Vino tinto,Santa Rita 120 Carmenere Vino Tinto 750 mL,6495.0,,0,750.0,https://www.pricesmart.com/es-cr/categoria/Licor-cerveza-y-vino-G10D08014/Vino-tinto-G10D08014011/G10D08014011?page=4,web_scraping_live,6495.0,santa rita 120 carmenere vino tinto 750 ml,pricesmart costa rica,6495.0,medio
2026-05-31,PriceSmart Costa Rica,Vino tinto,Montes Limited Selection Vino Cabernet Sauvignon Camenère 750 mL / 25.3 oz,10595.0,,0,750.0,https://www.pricesmart.com/es-cr/categoria/Licor-cerveza-y-vino-G10D08014/Vino-tinto-G10D08014011/G10D08014011?page=4,web_scraping_live,10595.0,montes limited selection vino cabernet sauvignon camenère 750 ml / 25.3 oz,pricesmart costa rica,10595.0,premium
2026-05-31,PriceSmart Costa Rica,Vino tinto,Cinzano Rosso Vino Tinto Italiano 750 mL,6495.0,,0,750.0,https://www.pricesmart.com/es-cr/categoria/Licor-cerveza-y-vino-G10D08014/Vino-tinto-G10D08014011/G10D08014011?page=4,web_scraping_live,6495.0,cinzano rosso vino tinto italiano 750 ml,pricesmart costa rica,6495.0,medio
2026-05-31,PriceSmart Costa Rica,Vino tinto,Navarro Correas Vino Tinto Malbec 2 Unidades / 750 mL,17495.0,,0,1500.0,https://www.pricesmart.com/es-cr/categoria/Licor-cerveza-y-vino-G10D08014/Vino-tinto-G10D08014011/G10D08014011?page=4,web_scraping_live,17495.0,navarro correas vino tinto malbec 2 unidades / 750 ml,pricesmart costa rica,8747.5,medio
2026-05-31,PriceSmart Costa Rica,Vino tinto,Arrogante Frog Cabernet Sauvignon Merlot Vino Tinto 750 mL,8495.0,,0,750.0,https://www.pricesmart.com/es-cr/categoria/Licor-cerveza-y-vino-G10D08014/Vino-tinto-G10D08014011/G10D08014011?page=4,web_scraping_live,8495.0,arrogante frog cabernet sauvignon merlot vino tinto 750 ml,pricesmart costa rica,8495.0,medio
2026-05-31,PriceSmart Costa Rica,Vino tinto,Faustino Rivero Ulecia Set Vinos Rioja 3 Unidades / 750 mL,20795.0,,0,2250.0,https://www.pricesmart.com/es-cr/categoria/Licor-cerveza-y-vino-G10D08014/Vino-tinto-G10D08014011/G10D08014011?page=4,web_scraping_live,20795.0,faustino rivero ulecia set vinos rioja 3 unidades / 750 ml,pricesmart costa rica,6931.67,medio
2026-05-31,PriceSmart Costa Rica,Vino tinto,Gato Negro Cabernet Sauvignon Vino Tinto 1.5 L / 51 oz,6795.0,,0,1500.0,https://www.pricesmart.com/es-cr/categoria/Licor-cerveza-y-vino-G10D08014/Vino-tinto-G10D08014011/G10D08014011?page=5,web_scraping_live,6795.0,gato negro cabernet sauvignon vino tinto 1.5 l / 51 oz,pricesmart costa rica,3397.5,económico
2026-05-31,PriceSmart Costa Rica,Vino tinto,Montes Alpha Cabernet Sauvignon Vino Tinto 750 mL,12470.0,,0,750.0,https://www.pricesmart.com/es-cr/categoria/Licor-cerveza-y-vino-G10D08014/Vino-tinto-G10D08014011/G10D08014011?page=5,web_scraping_live,12470.0,montes alpha cabernet sauvignon vino tinto 750 ml,pricesmart costa rica,12470.0,premium
2026-05-31,PriceSmart Costa Rica,Vino tinto,Arrogant Frog Pinot Noir Vino Tinto 750 mL,7795.0,,0,750.0,https://www.pricesmart.com/es-cr/categoria/Licor-cerveza-y-vino-G10D08014/Vino-tinto-G10D08014011/G10D08014011?page=5,web_scraping_live,7795.0,arrogant frog pinot noir vino tinto 750 ml,pricesmart costa rica,7795.0,medio
2026-05-31,PriceSmart Costa Rica,Vino tinto,Viña Alberdi Vino Tinto Tempranillo Crianza 750 mL / 25.36 oz,14970.0,,0,750.0,https://www.pricesmart.com/es-cr/categoria/Licor-cerveza-y-vino-G10D08014/Vino-tinto-G10D08014011/G10D08014011?page=5,web_scraping_live,14970.0,viña alberdi vino tinto tempranillo crianza 750 ml / 25.36 oz,pricesmart costa rica,14970.0,premium
2026-05-31,PriceSmart Costa Rica,Vino tinto,Pesquera Crianza y Reserva Vino Tinto 2 Unidades / 750 mL,34970.0,,0,1500.0,https://www.pricesmart.com/es-cr/categoria/Licor-cerveza-y-vino-G10D08014/Vino-tinto-G10D08014011/G10D08014011?page=5,web_scraping_live,34970.0,pesquera crianza y reserva vino tinto 2 unidades / 750 ml,pricesmart costa rica,17485.0,super premium
2026-05-31,PriceSmart Costa Rica,Vino tinto,Zuccardi Q Vino Tinto Malbec 750 mL,14970.0,,0,750.0,https://www.pricesmart.com/es-cr/categoria/Licor-cerveza-y-vino-G10D08014/Vino-tinto-G10D08014011/G10D08014011?page=5,web_scraping_live,14970.0,zuccardi q vino tinto malbec 750 ml,pricesmart costa rica,14970.0,premium
2026-05-31,PriceSmart Costa Rica,Vino tinto,Montecillo Rioja Crianza Vino Tinto 750 mL,9470.0,,0,750.0,https://www.pricesmart.com/es-cr/categoria/Licor-cerveza-y-vino-G10D08014/Vino-tinto-G10D08014011/G10D08014011?page=5,web_scraping_live,9470.0,montecillo rioja crianza vino tinto 750 ml,pricesmart costa rica,9470.0,medio
2026-05-31,PriceSmart Costa Rica,Vino tinto,J Lohr Cabernet Sauvignon Vino Tinto 750 mL,18970.0,,0,750.0,https://www.pricesmart.com/es-cr/categoria/Licor-cerveza-y-vino-G10D08014/Vino-tinto-G10D08014011/G10D08014011?page=5,web_scraping_live,18970.0,j lohr cabernet sauvignon vino tinto 750 ml,pricesmart costa rica,18970.0,super premium
2026-05-31,PriceSmart Costa Rica,Vino blanco,Protos Verdejo Vino Blanco 750 mL,7395.0,,0,750.0,https://www.pricesmart.com/es-cr/categoria/Licor-cerveza-y-vino-G10D08014/Vino-blanco-G10D08014019/G10D08014019,web_scraping_live,7395.0,protos verdejo vino blanco 750 ml,pricesmart costa rica,7395.0,medio
2026-05-31,PriceSmart Costa Rica,Vino blanco,Los Vascos Vino Blanco Sauvignon Blanc 750 mL / 25.36 oz,10495.0,,0,750.0,https://www.pricesmart.com/es-cr/categoria/Licor-cerveza-y-vino-G10D08014/Vino-blanco-G10D08014019/G10D08014019,web_scraping_live,10495.0,los vascos vino blanco sauvignon blanc 750 ml / 25.36 oz,pricesmart costa rica,10495.0,premium
2026-05-31,PriceSmart Costa Rica,Vino blanco,Clos de Pirque Vino Blanco 3 Unidades / 1 L,7495.0,,0,3000.0,https://www.pricesmart.com/es-cr/categoria/Licor-cerveza-y-vino-G10D08014/Vino-blanco-G10D08014019/G10D08014019,web_scraping_live,7495.0,clos de pirque vino blanco 3 unidades / 1 l,pricesmart costa rica,1873.75,económico
2026-05-31,PriceSmart Costa Rica,Vino blanco,Las Moras Pinot Grigio Vino Blanco Botella de 750 mL / 25.4 oz,5295.0,,0,750.0,https://www.pricesmart.com/es-cr/categoria/Licor-cerveza-y-vino-G10D08014/Vino-blanco-G10D08014019/G10D08014019,web_scraping_live,5295.0,las moras pinot grigio vino blanco botella de 750 ml / 25.4 oz,pricesmart costa rica,5295.0,medio
2026-05-31,PriceSmart Costa Rica,Vino blanco,Frontera Concha & Toro Vino Blanco Sauvignon Blanc Semi 1.5 L,7795.0,,0,1500.0,https://www.pricesmart.com/es-cr/categoria/Licor-cerveza-y-vino-G10D08014/Vino-blanco-G10D08014019/G10D08014019,web_scraping_live,7795.0,frontera concha & toro vino blanco sauvignon blanc semi 1.5 l,pricesmart costa rica,3897.5,económico
2026-05-31,PriceSmart Costa Rica,Vino blanco,Santa Margherita Vino Blanco Pinot Grigio 750 mL / 25.36 oz,15495.0,,0,750.0,https://www.pricesmart.com/es-cr/categoria/Licor-cerveza-y-vino-G10D08014/Vino-blanco-G10D08014019/G10D08014019,web_scraping_live,15495.0,santa margherita vino blanco pinot grigio 750 ml / 25.36 oz,pricesmart costa rica,15495.0,super premium
2026-05-31,PriceSmart Costa Rica,Vino blanco,Loma Negra Chardonnay Classic Vino Blanco 750 mL / 25.4 oz,2495.0,,0,750.0,https://www.pricesmart.com/es-cr/categoria/Licor-cerveza-y-vino-G10D08014/Vino-blanco-G10D08014019/G10D08014019,web_scraping_live,2495.0,loma negra chardonnay classic vino blanco 750 ml / 25.4 oz,pricesmart costa rica,2495.0,económico
2026-05-31,PriceSmart Costa Rica,Vino blanco,Marqués de Riscal Vino Blanco 750 mL,8295.0,,0,750.0,https://www.pricesmart.com/es-cr/categoria/Licor-cerveza-y-vino-G10D08014/Vino-blanco-G10D08014019/G10D08014019,web_scraping_live,8295.0,marqués de riscal vino blanco 750 ml,pricesmart costa rica,8295.0,medio
2026-05-31,PriceSmart Costa Rica,Vino blanco,Casal Mendes Vino Verde 750 mL / 25.4 oz,5495.0,,0,750.0,https://www.pricesmart.com/es-cr/categoria/Licor-cerveza-y-vino-G10D08014/Vino-blanco-G10D08014019/G10D08014019,web_scraping_live,5495.0,casal mendes vino verde 750 ml / 25.4 oz,pricesmart costa rica,5495.0,medio
2026-05-31,PriceSmart Costa Rica,Vino blanco,Casal García Vino Blanco Vinho Verde 750 Ml,7995.0,,0,750.0,https://www.pricesmart.com/es-cr/categoria/Licor-cerveza-y-vino-G10D08014/Vino-blanco-G10D08014019/G10D08014019,web_scraping_live,7995.0,casal garcía vino blanco vinho verde 750 ml,pricesmart costa rica,7995.0,medio
2026-05-31,PriceSmart Costa Rica,Vino blanco,Pulpo Albariño Vino Blanco 750 mL,11795.0,,0,750.0,https://www.pricesmart.com/es-cr/categoria/Licor-cerveza-y-vino-G10D08014/Vino-blanco-G10D08014019/G10D08014019,web_scraping_live,11795.0,pulpo albariño vino blanco 750 ml,pricesmart costa rica,11795.0,premium
2026-05-31,PriceSmart Costa Rica,Vino blanco,Gemma di Luna Pinot Grigio Vino Blanco 750 mL,9495.0,,0,750.0,https://www.pricesmart.com/es-cr/categoria/Licor-cerveza-y-vino-G10D08014/Vino-blanco-G10D08014019/G10D08014019,web_scraping_live,9495.0,gemma di luna pinot grigio vino blanco 750 ml,pricesmart costa rica,9495.0,medio
2026-05-31,PriceSmart Costa Rica,Vino rosado,Soupçon de Fruit Rosé d'Anjou Botella de Vino Rosado 750 mL / 25.4 oz,7795.0,,0,750.0,https://www.pricesmart.com/es-cr/categoria/Licor-cerveza-y-vino-G10D08014/Vino-rosado-G10D08014012/G10D08014012,web_scraping_live,7795.0,soupçon de fruit rosé d'anjou botella de vino rosado 750 ml / 25.4 oz,pricesmart costa rica,7795.0,medio
2026-05-31,PriceSmart Costa Rica,Vino rosado,Sandara Sparkling Vino Rosado Botella de 750 mL / 25.4 oz,5795.0,,0,750.0,https://www.pricesmart.com/es-cr/categoria/Licor-cerveza-y-vino-G10D08014/Vino-rosado-G10D08014012/G10D08014012,web_scraping_live,5795.0,sandara sparkling vino rosado botella de 750 ml / 25.4 oz,pricesmart costa rica,5795.0,medio
2026-05-31,PriceSmart Costa Rica,Vino rosado,Les Jamelles Vino Rosado Francés 750 mL / 25.36 oz,8795.0,,0,750.0,https://www.pricesmart.com/es-cr/categoria/Licor-cerveza-y-vino-G10D08014/Vino-rosado-G10D08014012/G10D08014012,web_scraping_live,8795.0,les jamelles vino rosado francés 750 ml / 25.36 oz,pricesmart costa rica,8795.0,medio
2026-05-31,PriceSmart Costa Rica,Vino rosado,Astoria Prosecco Rosé Vino Rosado 750 mL / 25.4 oz,5795.0,,0,750.0,https://www.pricesmart.com/es-cr/categoria/Licor-cerveza-y-vino-G10D08014/Vino-rosado-G10D08014012/G10D08014012,web_scraping_live,5795.0,astoria prosecco rosé vino rosado 750 ml / 25.4 oz,pricesmart costa rica,5795.0,medio
2026-05-31,PriceSmart Costa Rica,Vino rosado,Montes Vino Rosado Cherub 750 mL / 25.36 oz,9195.0,,0,750.0,https://www.pricesmart.com/es-cr/categoria/Licor-cerveza-y-vino-G10D08014/Vino-rosado-G10D08014012/G10D08014012,web_scraping_live,9195.0,montes vino rosado cherub 750 ml / 25.36 oz,pricesmart costa rica,9195.0,medio
2026-05-31,PriceSmart Costa Rica,Vino rosado,Taanug Vino Rosado Francés Aroma a Fresas 750 mL,8795.0,,0,750.0,https://www.pricesmart.com/es-cr/categoria/Licor-cerveza-y-vino-G10D08014/Vino-rosado-G10D08014012/G10D08014012,web_scraping_live,8795.0,taanug vino rosado francés aroma a fresas 750 ml,pricesmart costa rica,8795.0,medio
2026-05-31,PriceSmart Costa Rica,Vino rosado,Arrogant Frog Vino Rosado 750 mL,8495.0,,0,750.0,https://www.pricesmart.com/es-cr/categoria/Licor-cerveza-y-vino-G10D08014/Vino-rosado-G10D08014012/G10D08014012,web_scraping_live,8495.0,arrogant frog vino rosado 750 ml,pricesmart costa rica,8495.0,medio
2026-05-31,PriceSmart Costa Rica,Vino rosado,Pasqua 11 Minutes Vino Rosado 750 mL,13995.0,,0,750.0,https://www.pricesmart.com/es-cr/categoria/Licor-cerveza-y-vino-G10D08014/Vino-rosado-G10D08014012/G10D08014012,web_scraping_live,13995.0,pasqua 11 minutes vino rosado 750 ml,pricesmart costa rica,13995.0,premium
2026-05-31,PriceSmart Costa Rica,Vino rosado,Mateus The Original Vino Rosado Espumoso Portugués 1 L,8495.0,,0,1000.0,https://www.pricesmart.com/es-cr/categoria/Licor-cerveza-y-vino-G10D08014/Vino-rosado-G10D08014012/G10D08014012,web_scraping_live,8495.0,mateus the original vino rosado espumoso portugués 1 l,pricesmart costa rica,6371.25,medio
2026-05-31,PriceSmart Costa Rica,Vino rosado,Viña Esmeralda Vino Rosado Español Aroma Frutal 750 mL,10795.0,,0,750.0,https://www.pricesmart.com/es-cr/categoria/Licor-cerveza-y-vino-G10D08014/Vino-rosado-G10D08014012/G10D08014012,web_scraping_live,10795.0,viña esmeralda vino rosado español aroma frutal 750 ml,pricesmart costa rica,10795.0,premium
